apu	apu-module.html
apu.__package__	apu-module.html#__package__
apu.admin	apu.admin-module.html
apu.models	apu.models-module.html
apu.tests	apu.tests-module.html
apu.urls	apu.urls-module.html
apu.urls.urlpatterns	apu.urls-module.html#urlpatterns
apu.views	apu.views-module.html
apu.views.formulario_buscar	apu.views-module.html#formulario_buscar
apu.views.buscarr	apu.views-module.html#buscarr
apu.views.buscar	apu.views-module.html#buscar
apu.views.raiz	apu.views-module.html#raiz
apu.views.mostrar_navegador	apu.views-module.html#mostrar_navegador
apu.admin.PersonaAdmin	apu.admin.PersonaAdmin-class.html
apu.admin.PersonaAdmin.list_display	apu.admin.PersonaAdmin-class.html#list_display
apu.admin.PersonaAdmin.search_fields	apu.admin.PersonaAdmin-class.html#search_fields
apu.models.Persona	apu.models.Persona-class.html
apu.models.Persona.dni	apu.models.Persona-class.html#dni
apu.models.Persona.pais	apu.models.Persona-class.html#pais
apu.models.Persona.hobbies	apu.models.Persona-class.html#hobbies
apu.models.Persona.nombre	apu.models.Persona-class.html#nombre
apu.models.Persona.equipo	apu.models.Persona-class.html#equipo
apu.models.Persona.__unicode__	apu.models.Persona-class.html#__unicode__
apu.tests.PersonaMethodTests	apu.tests.PersonaMethodTests-class.html
apu.tests.PersonaMethodTests.test_nombre_persona	apu.tests.PersonaMethodTests-class.html#test_nombre_persona
apu.views.RedirigirUsuario	apu.views.RedirigirUsuario-class.html
apu.views.RedirigirUsuario.template_name	apu.views.RedirigirUsuario-class.html#template_name
apu.views.RedirigirUsuario.model	apu.views.RedirigirUsuario-class.html#model
apu.views.RedirigirUsuario.context_object_name	apu.views.RedirigirUsuario-class.html#context_object_name
apu.views.RegistrarUsuario	apu.views.RegistrarUsuario-class.html
apu.views.RegistrarUsuario.template_name	apu.views.RegistrarUsuario-class.html#template_name
apu.views.RegistrarUsuario.model	apu.views.RegistrarUsuario-class.html#model
